{"count": 16, "results": [{"id": 1, "name": "First Challenge", "description": "Unless otherwise indicated, all flags for this CTF will have the format MCTF{text_here}, where the text within the brackets is different for each question. The text can include letters, numbers, underscores, or a combination of those characters.. Be sure to submit the entire flag, I recommend copying and pasting when possible. Here is the flag for this challenge: <b>MCTF{number_0ne}</b>", "max_attempts": 0, "value": 100, "category": "Miscellaneous", "type": "standard", "state": "visible", "requirements": null}, {"id": 2, "name": "Warming Up", "description": "Some challenges (like this one) have files attached to them. You might want to unzip this file.", "max_attempts": 0, "value": 100, "category": "Miscellaneous", "type": "standard", "state": "visible", "requirements": null}, {"id": 3, "name": "Decode", "description": "Decode the following message:\r\nTUNURntiYXNlXzhfc3F1YXJlZH0=", "max_attempts": 0, "value": 200, "category": "Miscellaneous", "type": "standard", "state": "visible", "requirements": null}, {"id": 4, "name": "Chain", "description": "This one involves multiple steps. Don't get discouraged if you decode something but don't get the flag right away.\r\n\r\n4e4751304d7a55304e445933596a5a6c4e6d59334e44566d4e6a67324d5463794e6a51335a413d3d", "max_attempts": 0, "value": 300, "category": "Miscellaneous", "type": "standard", "state": "visible", "requirements": null}, {"id": 5, "name": "Needle in a Haystack", "description": "This file is too large for you to find the flag manually. You'll want to search for it. Remember the flag format!", "max_attempts": 0, "value": 100, "category": "File Forensics", "type": "standard", "state": "visible", "requirements": null}, {"id": 6, "name": "Static Analysis", "description": "How can you view the text in this file?", "max_attempts": 0, "value": 200, "category": "File Forensics", "type": "standard", "state": "visible", "requirements": null}, {"id": 7, "name": "Dynamic Analysis", "description": "", "max_attempts": 0, "value": 300, "category": "File Forensics", "type": "standard", "state": "visible", "requirements": null}, {"id": 8, "name": "Web 1", "description": "<a href=\"/web1\">Find the flag</a>", "max_attempts": 0, "value": 100, "category": "Web Exploitation", "type": "standard", "state": "visible", "requirements": null}, {"id": 9, "name": "Robots", "description": "What would Googlebot do?", "max_attempts": 0, "value": 300, "category": "Web Exploitation", "type": "standard", "state": "visible", "requirements": null}, {"id": 10, "name": "Wireshark 1", "description": "What is my IP address?\r\n\r\nNote: Answers to the network questions will NOT be in the flag format. Refer to wireshark.pcapng (attached to Wireshark 1) to answer all of the network questions.", "max_attempts": 0, "value": 100, "category": "Network Forensics", "type": "standard", "state": "visible", "requirements": null}, {"id": 13, "name": "Steganography", "description": "Try using binwalk.", "max_attempts": 0, "value": 600, "category": "File Forensics", "type": "standard", "state": "visible", "requirements": null}, {"id": 14, "name": "Password Cracking", "description": "Crack these hashes to find the flag.", "max_attempts": 0, "value": 500, "category": "File Forensics", "type": "standard", "state": "visible", "requirements": null}, {"id": 15, "name": "Caesar Cipher", "description": "XNEQ{DSTQE}", "max_attempts": 0, "value": 100, "category": "Miscellaneous", "type": "standard", "state": "visible", "requirements": null}, {"id": 16, "name": "Wireshark 2", "description": "How many TCP handshakes are recorded in the .pcap? In other words, how many SYN-ACK packets were sent?\r\n\r\nNote: Answers to the network questions will NOT be in the flag format. Refer to wireshark.pcapng (attached to Wireshark 1) to answer all of the network questions.", "max_attempts": 0, "value": 200, "category": "Network Forensics", "type": "standard", "state": "visible", "requirements": null}, {"id": 17, "name": "Wireshark 3", "description": "What is the size of the largest packet in the pcap, in bytes?", "max_attempts": 0, "value": 200, "category": "Network Forensics", "type": "standard", "state": "visible", "requirements": null}, {"id": 18, "name": "Wireshark 4", "description": "What is the exact version number of the web browser I'm using?", "max_attempts": 0, "value": 500, "category": "Network Forensics", "type": "standard", "state": "visible", "requirements": null}], "meta": {}}