{"count": 7, "results": [{"id": 1, "type": "challenge", "location": "4d89e47cdd5691c1ec2f2f8191045586/warmingup.zip", "challenge_id": 2, "page_id": null}, {"id": 3, "type": "challenge", "location": "0bb8a99d7de737001ec0f08bad972a76/program1", "challenge_id": 6, "page_id": null}, {"id": 4, "type": "challenge", "location": "682b8484917e6b86817ef964d144332d/program2", "challenge_id": 7, "page_id": null}, {"id": 6, "type": "challenge", "location": "f47069ccf22c3acb55c448d490e07505/stego.zip", "challenge_id": 13, "page_id": null}, {"id": 7, "type": "challenge", "location": "39f2a44d922462d10e7fd2612e0b18ff/hashes", "challenge_id": 14, "page_id": null}, {"id": 8, "type": "challenge", "location": "a10277f48e4f98eda15efcf8dab49d51/wireshark.pcapng", "challenge_id": 10, "page_id": null}, {"id": 9, "type": "challenge", "location": "4a020caf05c890397ac95930e15a0038/words.txt", "challenge_id": 5, "page_id": null}], "meta": {}}