{"count": 16, "results": [{"id": 1, "challenge_id": 1, "type": "static", "content": "MCTF{number_0ne}", "data": null}, {"id": 2, "challenge_id": 2, "type": "static", "content": "MCTF{509866592}", "data": null}, {"id": 3, "challenge_id": 3, "type": "static", "content": "MCTF{base_8_squared}", "data": null}, {"id": 4, "challenge_id": 4, "type": "static", "content": "MCTF{not_hard}", "data": null}, {"id": 5, "challenge_id": 5, "type": "static", "content": "MCTF{use_gr3p}", "data": null}, {"id": 6, "challenge_id": 6, "type": "static", "content": "MCTF{hello_world}", "data": null}, {"id": 7, "challenge_id": 7, "type": "static", "content": "MCTF{run_this}", "data": null}, {"id": 8, "challenge_id": 8, "type": "static", "content": "MCTF{insp3ct}", "data": null}, {"id": 9, "challenge_id": 9, "type": "static", "content": "MCTF{87b7cb79481f317}", "data": "case_insensitive"}, {"id": 10, "challenge_id": 10, "type": "static", "content": "172.20.187.15", "data": ""}, {"id": 13, "challenge_id": 13, "type": "static", "content": "MCTF{8alb94}", "data": null}, {"id": 14, "challenge_id": 14, "type": "static", "content": "MCTF{MD5}", "data": "case_insensitive"}, {"id": 15, "challenge_id": 15, "type": "static", "content": "MCTF{SHIFT}", "data": "case_insensitive"}, {"id": 16, "challenge_id": 16, "type": "static", "content": "10", "data": null}, {"id": 17, "challenge_id": 17, "type": "static", "content": "17442", "data": ""}, {"id": 18, "challenge_id": 18, "type": "regex", "content": ".*73.0.3683.103.*", "data": ""}], "meta": {}}