{"count": 4, "results": [{"id": 3, "type": "standard", "challenge_id": 7, "content": "Try the file command if you're having trouble getting started.", "cost": 0, "requirements": null}, {"id": 7, "type": "standard", "challenge_id": 9, "content": "What web page would Googlebot (and other web crawlers) look at before crawling? Don't type in this web page as your answer - this web page should lead you to the flag.", "cost": 0, "requirements": null}, {"id": 8, "type": "standard", "challenge_id": 14, "content": "Use John the Ripper (the \"jumbo\" version, Kali has this by default), and the --format flag. All of the hashes have the same format!", "cost": 0, "requirements": null}, {"id": 10, "type": "standard", "challenge_id": 14, "content": "Running \"john --list=formats\" will show you all of the formats that john knows. You might also want to run \"john hashes\" - this won't crack the passwords successfully because the correct format isn't specified, but this will show you the formats that your hashes match.", "cost": 0, "requirements": null}], "meta": {}}