{"count": 4, "results": [{"id": 1, "title": "", "route": "web1", "content": "Look harder!\r\n<!--MCTF{insp3ct}-->", "draft": 0, "hidden": 0, "auth_required": 1}, {"id": 2, "title": "", "route": "robots.txt", "content": "MCTF{87b7cb79481f317}", "draft": 0, "hidden": 0, "auth_required": 1}, {"id": 3, "title": "", "route": "web2", "content": "\r\n<html>\r\n\r\n<script type=\"text/javascript\">\r\n  function verify() {\r\n    checkpass = document.getElementById(\"pass\").value;\r\n    split = 2;\r\n    if (checkpass.substring(split, split*2) == 'TF') {\r\n      if (checkpass.substring(split*3, split*4) == 'ot') {\r\n        if (checkpass.substring(split*2, split*3) == '{n') {\r\n          if (checkpass.substring(split*4, split*5) == '_s') {\r\n            if (checkpass.substring(split*5, split*6) == 'ec') {\r\n              if (checkpass.substring(split*6, split*7) == 'ur') {\r\n                if (checkpass.substring(split*7, split*8) == 'e}') {\r\n                  if (checkpass.substring(0,split) == 'MC') {\r\n                    alert(\"You got the flag!\")\r\n                    return;\r\n                  }\r\n                }\r\n              }\r\n            }\r\n          }\r\n        }\r\n      }\r\n    }\r\n    alert(\"Incorrect password\");\r\n  }\r\n</script>\r\n<div style=\"position:relative; padding:5px;top:50px;>\r\n<div style=\"text-align:center\">\r\n<p>Welcome to the Secure Login Server.</p>\r\n<p>Please enter your credentials to proceed</p>\r\n<form action=\"index.html\" method=\"post\">\r\n<input type=\"text\" id=\"pass\" size=\"20\" />\r\n<br/>\r\n<input type=\"submit\" value=\"Log in\" onclick=\"verify(); return false;\" />\r\n</form>\r\n</div>\r\n</div>\r\n</body>\r\n</html>\r\n", "draft": 0, "hidden": 0, "auth_required": 1}, {"id": 4, "title": "", "route": "index", "content": "<div style=\"text-align:center;margin-top: 100px;font-size:22px;\">\r\nWelcome to the CTF!<br>\r\n<br>\r\nClick on Register in the top right to make an account, and then start with \"First Challenge\" once you're signed in.<br>\r\n<br>\r\nFlag format: MCTF{...}\r\n</div>", "draft": 0, "hidden": 0, "auth_required": 0}], "meta": {}}